SR,E:\Visitor Management System\My Projects\SRS Website\images\Products,SR,E:\Visitor Management System\My Projects\SRS Website\images\Logos
1,Smart LED TV ,1,srs enterprises
2,Mixer ,2,sai ro
3,Geyser ,3,srs ngo
4,150 LPH Cooler,4,laxmi ro
5,Washing Machine ,5,savariya solar
6,Solar System ,6,srs school
7,Indexn,,
8,Aqua Addition RO Black,,
9,Aqua Addition RO White,,
10,Digital RO,,
11,Ionizer ,,
12,Water Purifier,,
13,Kangen Alkaline Water Ionizer,,
14,Water Dispenser,,
15,50 LPH Water Purifier ,,
16,Commercial Reverse Osmosis System ,,
17,Water Conditioner,,
